{
  "challenge": "RSA-129",
  "configuration": {
    "n_trials": 30,
    "n_candidates": 1000,
    "k": 0.3,
    "seed": 42,
    "engine": "SobolOwenEngine",
    "scramble": true,
    "bias": "z-framework"
  },
  "rsa_challenge": {
    "N": "114381625757888867669235779976146612010218296721242362562561842935706935245733897830597123563958705058989075147599290026879543541",
    "p": "3490529510847650949147849619903898133417764638493387843990820577",
    "q": "32769132993266709549961988190834461413177642967992942539798288533",
    "bits": 426
  },
  "statistics": {
    "mean_variance": 0.055406355917551935,
    "std_variance": 0.0028552530982623777,
    "ci_lower": 0.054317796085864914,
    "ci_upper": 0.05637449576284876,
    "median_variance": 0.055667035417818214,
    "min_variance": 0.0485947398456179,
    "max_variance": 0.060626467348493064
  },
  "timing": {
    "mean_sec": 0.0008802091666742247,
    "std_sec": 5.9631554966396486e-05,
    "median_sec": 0.0008715995001011834,
    "min_sec": 0.0007471420001365914,
    "max_sec": 0.0010531810000884434
  },
  "trials": [
    {
      "variance": 0.05736759127077568,
      "std_dev": 0.23951532575343834,
      "mean_dist": 0.6748823494941554,
      "min_dist": 0.00046213574526234095,
      "max_dist": 1.0284356518337499,
      "median_dist": 0.741233493952097,
      "spread": 1.2816162661683164e+64,
      "trial": 0,
      "n_candidates": 1000,
      "timing_sec": 0.0007789460000822146
    },
    {
      "variance": 0.057584121330235695,
      "std_dev": 0.23996691715783594,
      "mean_dist": 0.6758825854145362,
      "min_dist": 0.0009127614381591038,
      "max_dist": 1.0519068085604557,
      "median_dist": 0.7215027599811661,
      "spread": 1.3460809332774886e+64,
      "trial": 1,
      "n_candidates": 1000,
      "timing_sec": 0.0009195519999138924
    },
    {
      "variance": 0.05694220952538322,
      "std_dev": 0.23862566820311518,
      "mean_dist": 0.6759112389500992,
      "min_dist": 0.006072181599802095,
      "max_dist": 1.0226924012722298,
      "median_dist": 0.7380203700781197,
      "spread": 1.2962819448106372e+64,
      "trial": 2,
      "n_candidates": 1000,
      "timing_sec": 0.0009185960000195337
    },
    {
      "variance": 0.05474484550080818,
      "std_dev": 0.23397616438605062,
      "mean_dist": 0.6750094547867711,
      "min_dist": 0.005354911576289694,
      "max_dist": 1.039430081041786,
      "median_dist": 0.7180017878523896,
      "spread": 1.3559595917691365e+64,
      "trial": 3,
      "n_candidates": 1000,
      "timing_sec": 0.0008695859999079403
    },
    {
      "variance": 0.0518086456369352,
      "std_dev": 0.2276151261162913,
      "mean_dist": 0.674893716458541,
      "min_dist": 0.0004092118621180092,
      "max_dist": 1.0034070686759404,
      "median_dist": 0.7393012857544599,
      "spread": 1.255845877327424e+64,
      "trial": 4,
      "n_candidates": 1000,
      "timing_sec": 0.0008976849999271508
    },
    {
      "variance": 0.05192691377624222,
      "std_dev": 0.2278747765248322,
      "mean_dist": 0.675532170664583,
      "min_dist": 0.009038687884525656,
      "max_dist": 1.011918224012618,
      "median_dist": 0.7311713326595106,
      "spread": 1.2637320679940322e+64,
      "trial": 5,
      "n_candidates": 1000,
      "timing_sec": 0.0007471420001365914
    },
    {
      "variance": 0.060626467348493064,
      "std_dev": 0.2462244247602034,
      "mean_dist": 0.6755113283088694,
      "min_dist": 0.0019392618446006785,
      "max_dist": 1.0436502255680518,
      "median_dist": 0.7258248293746463,
      "spread": 1.2815611348633022e+64,
      "trial": 6,
      "n_candidates": 1000,
      "timing_sec": 0.0008565939999698458
    },
    {
      "variance": 0.05285704397975057,
      "std_dev": 0.22990659838236607,
      "mean_dist": 0.6753232277656935,
      "min_dist": 0.01517320082462956,
      "max_dist": 1.0205580689313032,
      "median_dist": 0.7167999141092868,
      "spread": 1.2909600826126566e+64,
      "trial": 7,
      "n_candidates": 1000,
      "timing_sec": 0.0008285149999665009
    },
    {
      "variance": 0.05327861407717392,
      "std_dev": 0.23082160660816378,
      "mean_dist": 0.674709604074662,
      "min_dist": 0.0005882653077846454,
      "max_dist": 1.0250642611603222,
      "median_dist": 0.7191782639228028,
      "spread": 1.2824720313076276e+64,
      "trial": 8,
      "n_candidates": 1000,
      "timing_sec": 0.0008312949998980912
    },
    {
      "variance": 0.056609666434607395,
      "std_dev": 0.23792785972770694,
      "mean_dist": 0.675159140667794,
      "min_dist": 0.0030822881769877204,
      "max_dist": 1.0242618913508579,
      "median_dist": 0.725530943470075,
      "spread": 1.2957736652996848e+64,
      "trial": 9,
      "n_candidates": 1000,
      "timing_sec": 0.0008393600000999868
    },
    {
      "variance": 0.05738803201850432,
      "std_dev": 0.23955799301735753,
      "mean_dist": 0.6751304323725087,
      "min_dist": 0.006250655056705758,
      "max_dist": 1.0478108440730431,
      "median_dist": 0.7314554313478974,
      "spread": 1.30960941082273e+64,
      "trial": 10,
      "n_candidates": 1000,
      "timing_sec": 0.0008882950000952405
    },
    {
      "variance": 0.05491714565853694,
      "std_dev": 0.2343440753647016,
      "mean_dist": 0.6744405326605472,
      "min_dist": 0.001374138640930809,
      "max_dist": 1.0553628882789858,
      "median_dist": 0.7158177145994389,
      "spread": 1.3691224857489815e+64,
      "trial": 11,
      "n_candidates": 1000,
      "timing_sec": 0.0008720220000668633
    },
    {
      "variance": 0.0485947398456179,
      "std_dev": 0.2204421462552429,
      "mean_dist": 0.6749109257843375,
      "min_dist": 0.00409016571389174,
      "max_dist": 1.0157289907895661,
      "median_dist": 0.7243010335547697,
      "spread": 1.2505905603258562e+64,
      "trial": 12,
      "n_candidates": 1000,
      "timing_sec": 0.0008625370001027477
    },
    {
      "variance": 0.05387081696519723,
      "std_dev": 0.23210087670062177,
      "mean_dist": 0.6738845916424581,
      "min_dist": 0.005184227623759858,
      "max_dist": 1.0324156606746138,
      "median_dist": 0.7261785768277678,
      "spread": 1.2251830528453735e+64,
      "trial": 13,
      "n_candidates": 1000,
      "timing_sec": 0.0008815999999569613
    },
    {
      "variance": 0.05116008081114743,
      "std_dev": 0.2261859430007697,
      "mean_dist": 0.6753115508881946,
      "min_dist": 0.007000550729967803,
      "max_dist": 1.0073757117547486,
      "median_dist": 0.7296075257245198,
      "spread": 1.288848738216199e+64,
      "trial": 14,
      "n_candidates": 1000,
      "timing_sec": 0.0008405300000049465
    },
    {
      "variance": 0.06019445312805373,
      "std_dev": 0.2453455789861593,
      "mean_dist": 0.6754438923000148,
      "min_dist": 0.004276507015683095,
      "max_dist": 1.0482618186438237,
      "median_dist": 0.7271131543887378,
      "spread": 1.318438817738478e+64,
      "trial": 15,
      "n_candidates": 1000,
      "timing_sec": 0.0008888190000106988
    },
    {
      "variance": 0.05635515603901234,
      "std_dev": 0.23739240939636705,
      "mean_dist": 0.6747565138639439,
      "min_dist": 0.006789415355484046,
      "max_dist": 1.0421820956151842,
      "median_dist": 0.7199740278450433,
      "spread": 1.2800280879400837e+64,
      "trial": 16,
      "n_candidates": 1000,
      "timing_sec": 0.0008456119999209477
    },
    {
      "variance": 0.05589106346466532,
      "std_dev": 0.23641290883677507,
      "mean_dist": 0.6749275936444938,
      "min_dist": 0.0004945395526119893,
      "max_dist": 1.0263372576550078,
      "median_dist": 0.7298596348201905,
      "spread": 1.2240264936913416e+64,
      "trial": 17,
      "n_candidates": 1000,
      "timing_sec": 0.0009321089999048127
    },
    {
      "variance": 0.05904442720285686,
      "std_dev": 0.24299059077021246,
      "mean_dist": 0.6751232773811368,