{
  "challenge": "RSA-100",
  "configuration": {
    "n_trials": 30,
    "n_candidates": 1000,
    "k": 0.3,
    "seed": 42,
    "engine": "SobolOwenEngine",
    "scramble": true,
    "bias": "z-framework"
  },
  "rsa_challenge": {
    "N": "1522605027922533360535618378132637429718068114961380688657908494580122963258952897654000350692006139",
    "p": "37975227936943673922808872755445627854565536638199",
    "q": "40094690950920881030683735292761468389214899724061",
    "bits": 330
  },
  "statistics": {
    "mean_variance": 0.019084403436991106,
    "std_variance": 0.0011572975591025148,
    "ci_lower": 0.0186929856164845,
    "ci_upper": 0.019522775481341053,
    "median_variance": 0.01910322301426011,
    "min_variance": 0.01707957616395227,
    "max_variance": 0.022050688279434898
  },
  "timing": {
    "mean_sec": 0.0008423313999855964,
    "std_sec": 5.2483515563737765e-05,
    "median_sec": 0.000832418000072721,
    "min_sec": 0.0007555590000265511,
    "max_sec": 0.0010168789999625005
  },
  "trials": [
    {
      "variance": 0.020328711939362046,
      "std_dev": 0.14257879203921614,
      "mean_dist": 0.1700742851922934,
      "min_dist": 6.513970217033535e-05,
      "max_dist": 0.7958331518581331,
      "median_dist": 0.1453518483777046,
      "spread": 4.570915925639026e+49,
      "trial": 0,
      "n_candidates": 1000,
      "timing_sec": 0.0009836029998950835
    },
    {
      "variance": 0.018133618193583553,
      "std_dev": 0.134661123541962,
      "mean_dist": 0.1683259149280371,
      "min_dist": 3.20963844722643e-05,
      "max_dist": 0.8071494130289841,
      "median_dist": 0.14836153750714115,
      "spread": 4.632447701193525e+49,
      "trial": 1,
      "n_candidates": 1000,
      "timing_sec": 0.0007555590000265511
    },
    {
      "variance": 0.019357100485030993,
      "std_dev": 0.13912979725792385,
      "mean_dist": 0.17022653443447994,
      "min_dist": 0.00012325375858763193,
      "max_dist": 0.8918449685633983,
      "median_dist": 0.15303261453672135,
      "spread": 4.951603553028013e+49,
      "trial": 2,
      "n_candidates": 1000,
      "timing_sec": 0.0008270019998235512
    },
    {
      "variance": 0.020224752643578946,
      "std_dev": 0.14221375687175605,
      "mean_dist": 0.1745949987477282,
      "min_dist": 0.00031394114601686573,
      "max_dist": 0.8427411261699977,
      "median_dist": 0.15082872946924059,
      "spread": 4.803152546647978e+49,
      "trial": 3,
      "n_candidates": 1000,
      "timing_sec": 0.0008467420000215498
    },
    {
      "variance": 0.017312691703536248,
      "std_dev": 0.13157770215175613,
      "mean_dist": 0.16806441839912986,
      "min_dist": 0.0003919661697124148,
      "max_dist": 0.7324996677371853,
      "median_dist": 0.15382673664885788,
      "spread": 4.3745619555877224e+49,
      "trial": 4,
      "n_candidates": 1000,
      "timing_sec": 0.0008259329999873444
    },
    {
      "variance": 0.019167099993785356,
      "std_dev": 0.13844529603343464,
      "mean_dist": 0.17503194603513275,
      "min_dist": 0.00029209086193258027,
      "max_dist": 0.8568401525031424,
      "median_dist": 0.15128082012522248,
      "spread": 4.906997546024507e+49,
      "trial": 5,
      "n_candidates": 1000,
      "timing_sec": 0.0008198709999760467
    },
    {
      "variance": 0.019145929476610625,
      "std_dev": 0.13836881685051233,
      "mean_dist": 0.17250815374222483,
      "min_dist": 5.074494878358301e-05,
      "max_dist": 0.7750881058712279,
      "median_dist": 0.15199774431908794,
      "spread": 4.4941035891708265e+49,
      "trial": 6,
      "n_candidates": 1000,
      "timing_sec": 0.0008017000000108965
    },
    {
      "variance": 0.01892498356042812,
      "std_dev": 0.13756810517132276,
      "mean_dist": 0.17728951138406732,
      "min_dist": 0.00015449586804855861,
      "max_dist": 0.7859043231811594,
      "median_dist": 0.15836267299300671,
      "spread": 4.676821258342643e+49,
      "trial": 7,
      "n_candidates": 1000,
      "timing_sec": 0.0008681130000240955
    },
    {
      "variance": 0.020173329274111054,
      "std_dev": 0.14203284575798322,
      "mean_dist": 0.16492319904353625,
      "min_dist": 0.0005251165040606426,
      "max_dist": 0.8928319061962903,
      "median_dist": 0.14108162072188973,
      "spread": 4.914067003254978e+49,
      "trial": 8,
      "n_candidates": 1000,
      "timing_sec": 0.0008680939999976545
    },
    {
      "variance": 0.018986100799149752,
      "std_dev": 0.1377900605963643,
      "mean_dist": 0.1709447215816687,
      "min_dist": 0.00013529594502297379,
      "max_dist": 0.7901835167399018,
      "median_dist": 0.14695622796425137,
      "spread": 4.594817499636896e+49,
      "trial": 9,
      "n_candidates": 1000,
      "timing_sec": 0.0008684279998760758
    },
    {
      "variance": 0.018565773988744476,
      "std_dev": 0.13625628054788694,
      "mean_dist": 0.16835587583400471,
      "min_dist": 4.7865093046633004e-05,
      "max_dist": 0.7640905869041837,
      "median_dist": 0.14967769969092903,
      "spread": 4.454717425279767e+49,
      "trial": 10,
      "n_candidates": 1000,
      "timing_sec": 0.0008409069998833729
    },
    {
      "variance": 0.018237184091794433,
      "std_dev": 0.13504511872627767,
      "mean_dist": 0.16361009900523382,
      "min_dist": 0.000122294251773261,
      "max_dist": 0.8063302010912016,
      "median_dist": 0.14205654085113076,
      "spread": 4.672148155876346e+49,
      "trial": 11,
      "n_candidates": 1000,
      "timing_sec": 0.0007871930001783767
    },
    {
      "variance": 0.017834750820920883,
      "std_dev": 0.13354681134688645,
      "mean_dist": 0.16631251959934523,
      "min_dist": 4.472212379147627e-06,
      "max_dist": 0.7479844478343931,
      "median_dist": 0.15012706258283265,
      "spread": 4.408589355052024e+49,
      "trial": 12,
      "n_candidates": 1000,
      "timing_sec": 0.0007880590001150267
    },
    {
      "variance": 0.019141515691845815,
      "std_dev": 0.13835286658340626,
      "mean_dist": 0.1647465500011556,
      "min_dist": 0.00014623974570852677,
      "max_dist": 0.8290345153176811,
      "median_dist": 0.14402332352084662,
      "spread": 4.706169879749653e+49,
      "trial": 13,
      "n_candidates": 1000,
      "timing_sec": 0.0008430909999788128
    },
    {
      "variance": 0.01787226320259965,
      "std_dev": 0.13368718413744696,
      "mean_dist": 0.16721973427624168,
      "min_dist": 0.0004011831675714734,
      "max_dist": 0.7317566490404316,
      "median_dist": 0.14685994149921483,
      "spread": 4.3231543127394984e+49,
      "trial": 14,
      "n_candidates": 1000,
      "timing_sec": 0.0008146160000706004
    },
    {
      "variance": 0.019750748803418903,
      "std_dev": 0.1405373573233071,
      "mean_dist": 0.1648812399454345,
      "min_dist": 0.00024113411149947976,
      "max_dist": 0.9324050692238044,
      "median_dist": 0.14590776682607598,
      "spread": 5.115233788117782e+49,
      "trial": 15,
      "n_candidates": 1000,
      "timing_sec": 0.0008533469999747467
    },
    {
      "variance": 0.01995524149746593,
      "std_dev": 0.141263022399586,
      "mean_dist": 0.1748519721943601,
      "min_dist": 0.0001617530766415121,
      "max_dist": 0.8234107663687065,
      "median_dist": 0.15404028391178667,
      "spread": 4.721643761673398e+49,
      "trial": 16,
      "n_candidates": 1000,
      "timing_sec": 0.0010168789999625005
    },
    {
      "variance": 0.017642636549408588,
      "std_dev": 0.1328255869529986,
      "mean_dist": 0.16790381279781724,
      "min_dist": 8.163010204613332e-05,
      "max_dist": 0.8097913714496856,
      "median_dist": 0.14892985330922492,
      "spread": 4.6409770018756717e+49,
      "trial": 17,
      "n_candidates": 1000,
      "timing_sec": 0.0008800989999144804
    },
    {
      "variance": 0.022050688279434898,
      "std_dev": 0.14849474158849835,
      "mean_dist": 0.1802815260958999,