{
  "challenge": "RSA-155",
  "configuration": {
    "n_trials": 30,
    "n_candidates": 1000,
    "k": 0.3,
    "seed": 42,
    "engine": "SobolOwenEngine",
    "scramble": true,
    "bias": "z-framework"
  },
  "rsa_challenge": {
    "N": "1094173864157052742180970732204035761200373294544920599091384213147635041906079937988",
    "p": "102639592829741105772054196573991675900716567808038066803341933521790711307779",
    "q": "106603488380168454820927220360012878679207958575989291522270608237193062808643",
    "bits": 512
  },
  "statistics": {
    "mean_variance": 3.2701135461102186e+41,
    "std_variance": 0.0,
    "ci_lower": 3.2701135461102186e+41,
    "ci_upper": 3.2701135461102186e+41,
    "median_variance": 3.2701135461102186e+41,
    "min_variance": 3.2701135461102186e+41,
    "max_variance": 3.2701135461102186e+41
  },
  "timing": {
    "mean_sec": 0.0007799205666363681,
    "std_sec": 7.005157787147665e-05,
    "median_sec": 0.0007688934998668628,
    "min_sec": 0.000685379999822544,
    "max_sec": 0.0010108859999036213
  },
  "trials": [
    {
      "variance": 3.2701135461102186e+41,
      "std_dev": 5.718490662849961e+20,
      "mean_dist": 9.812321109369944e+34,
      "min_dist": 9.812321109370001e+34,
      "max_dist": 9.812321109370001e+34,
      "median_dist": 9.812321109370001e+34,
      "spread": 1.3177167248418295e+42,
      "trial": 0,
      "n_candidates": 1000,
      "timing_sec": 0.0007312539999020373
    },
    {
      "variance": 3.2701135461102186e+41,
      "std_dev": 5.718490662849961e+20,
      "mean_dist": 9.812321109369944e+34,
      "min_dist": 9.812321109370001e+34,
      "max_dist": 9.812321109370001e+34,
      "median_dist": 9.812321109370001e+34,
      "spread": 1.2560839108718315e+42,
      "trial": 1,
      "n_candidates": 1000,
      "timing_sec": 0.0007200570000804873
    },
    {
      "variance": 3.2701135461102186e+41,
      "std_dev": 5.718490662849961e+20,
      "mean_dist": 9.812321109369944e+34,
      "min_dist": 9.812321109370001e+34,
      "max_dist": 9.812321109370001e+34,
      "median_dist": 9.812321109370001e+34,
      "spread": 1.2519359623552174e+42,
      "trial": 2,
      "n_candidates": 1000,
      "timing_sec": 0.0006910370000241528
    },
    {
      "variance": 3.2701135461102186e+41,
      "std_dev": 5.718490662849961e+20,
      "mean_dist": 9.812321109369944e+34,
      "min_dist": 9.812321109370001e+34,
      "max_dist": 9.812321109370001e+34,
      "median_dist": 9.812321109370001e+34,
      "spread": 1.2263376383082642e+42,
      "trial": 3,
      "n_candidates": 1000,
      "timing_sec": 0.0007745630000499659
    },
    {
      "variance": 3.2701135461102186e+41,
      "std_dev": 5.718490662849961e+20,
      "mean_dist": 9.812321109369944e+34,
      "min_dist": 9.812321109370001e+34,
      "max_dist": 9.812321109370001e+34,
      "median_dist": 9.812321109370001e+34,
      "spread": 1.2066606830601837e+42,
      "trial": 4,
      "n_candidates": 1000,
      "timing_sec": 0.0007981090000157565
    },
    {
      "variance": 3.2701135461102186e+41,
      "std_dev": 5.718490662849961e+20,
      "mean_dist": 9.812321109369944e+34,
      "min_dist": 9.812321109370001e+34,
      "max_dist": 9.812321109370001e+34,
      "median_dist": 9.812321109370001e+34,
      "spread": 1.2722824308975248e+42,
      "trial": 5,
      "n_candidates": 1000,
      "timing_sec": 0.0009983970001030684
    },
    {
      "variance": 3.2701135461102186e+41,
      "std_dev": 5.718490662849961e+20,
      "mean_dist": 9.812321109369944e+34,
      "min_dist": 9.812321109370001e+34,
      "max_dist": 9.812321109370001e+34,
      "median_dist": 9.812321109370001e+34,
      "spread": 1.2912210290793615e+42,
      "trial": 6,
      "n_candidates": 1000,
      "timing_sec": 0.0007367340001565026
    },
    {
      "variance": 3.2701135461102186e+41,
      "std_dev": 5.718490662849961e+20,
      "mean_dist": 9.812321109369944e+34,
      "min_dist": 9.812321109370001e+34,
      "max_dist": 9.812321109370001e+34,
      "median_dist": 9.812321109370001e+34,
      "spread": 1.2805411583542963e+42,
      "trial": 7,
      "n_candidates": 1000,
      "timing_sec": 0.0007603829999425216
    },
    {
      "variance": 3.2701135461102186e+41,
      "std_dev": 5.718490662849961e+20,
      "mean_dist": 9.812321109369944e+34,
      "min_dist": 9.812321109370001e+34,
      "max_dist": 9.812321109370001e+34,
      "median_dist": 9.812321109370001e+34,
      "spread": 1.2753544593969916e+42,
      "trial": 8,
      "n_candidates": 1000,
      "timing_sec": 0.0007781619999605027
    },
    {
      "variance": 3.2701135461102186e+41,
      "std_dev": 5.718490662849961e+20,
      "mean_dist": 9.812321109369944e+34,
      "min_dist": 9.812321109370001e+34,
      "max_dist": 9.812321109370001e+34,
      "median_dist": 9.812321109370001e+34,
      "spread": 1.2600128149345276e+42,
      "trial": 9,
      "n_candidates": 1000,
      "timing_sec": 0.000814198999933069
    },
    {
      "variance": 3.2701135461102186e+41,
      "std_dev": 5.718490662849961e+20,
      "mean_dist": 9.812321109369944e+34,
      "min_dist": 9.812321109370001e+34,
      "max_dist": 9.812321109370001e+34,
      "median_dist": 9.812321109370001e+34,
      "spread": 1.2213255044308519e+42,
      "trial": 10,
      "n_candidates": 1000,
      "timing_sec": 0.0008009619998574635
    },
    {
      "variance": 3.2701135461102186e+41,
      "std_dev": 5.718490662849961e+20,
      "mean_dist": 9.812321109369944e+34,
      "min_dist": 9.812321109370001e+34,
      "max_dist": 9.812321109370001e+34,
      "median_dist": 9.812321109370001e+34,
      "spread": 1.318624201133787e+42,
      "trial": 11,
      "n_candidates": 1000,
      "timing_sec": 0.0010108859999036213
    },
    {
      "variance": 3.2701135461102186e+41,
      "std_dev": 5.718490662849961e+20,
      "mean_dist": 9.812321109369944e+34,
      "min_dist": 9.812321109370001e+34,
      "max_dist": 9.812321109370001e+34,
      "median_dist": 9.812321109370001e+34,
      "spread": 1.3236368542800691e+42,
      "trial": 12,
      "n_candidates": 1000,
      "timing_sec": 0.000841469000079087
    },
    {
      "variance": 3.2701135461102186e+41,
      "std_dev": 5.718490662849961e+20,
      "mean_dist": 9.812321109369944e+34,
      "min_dist": 9.812321109370001e+34,
      "max_dist": 9.812321109370001e+34,
      "median_dist": 9.812321109370001e+34,
      "spread": 1.2227699089593534e+42,
      "trial": 13,
      "n_candidates": 1000,
      "timing_sec": 0.0007662529999379331
    },
    {
      "variance": 3.2701135461102186e+41,
      "std_dev": 5.718490662849961e+20,
      "mean_dist": 9.812321109369944e+34,
      "min_dist": 9.812321109370001e+34,
      "max_dist": 9.812321109370001e+34,
      "median_dist": 9.812321109370001e+34,
      "spread": 1.2448729520483764e+42,
      "trial": 14,
      "n_candidates": 1000,
      "timing_sec": 0.0007418220000090514
    },
    {
      "variance": 3.2701135461102186e+41,
      "std_dev": 5.718490662849961e+20,
      "mean_dist": 9.812321109369944e+34,
      "min_dist": 9.812321109370001e+34,
      "max_dist": 9.812321109370001e+34,
      "median_dist": 9.812321109370001e+34,
      "spread": 1.317279557777729e+42,
      "trial": 15,
      "n_candidates": 1000,
      "timing_sec": 0.0007656069999484316
    },
    {
      "variance": 3.2701135461102186e+41,
      "std_dev": 5.718490662849961e+20,
      "mean_dist": 9.812321109369944e+34,
      "min_dist": 9.812321109370001e+34,
      "max_dist": 9.812321109370001e+34,
      "median_dist": 9.812321109370001e+34,
      "spread": 1.2568282240518738e+42,
      "trial": 16,
      "n_candidates": 1000,
      "timing_sec": 0.0007601849999900878
    },
    {
      "variance": 3.2701135461102186e+41,
      "std_dev": 5.718490662849961e+20,
      "mean_dist": 9.812321109369944e+34,
      "min_dist": 9.812321109370001e+34,
      "max_dist": 9.812321109370001e+34,
      "median_dist": 9.812321109370001e+34,