{
  "challenge": "RSA-155",
  "configuration": {
    "n_trials": 30,
    "n_candidates": 1000,
    "k": 0.3,
    "seed": 42,
    "engine": "CranleyPattersonEngine",
    "rotation_type": "static",
    "bias": "z-framework"
  },
  "rsa_challenge": {
    "N": "1094173864157052742180970732204035761200373294544920599091384213147635041906079937988",
    "p": "102639592829741105772054196573991675900716567808038066803341933521790711307779",
    "q": "106603488380168454820927220360012878679207958575989291522270608237193062808643",
    "bits": 512
  },
  "statistics": {
    "mean_variance": 3.2701135461102186e+41,
    "std_variance": 0.0,
    "ci_lower": 3.2701135461102186e+41,
    "ci_upper": 3.2701135461102186e+41,
    "median_variance": 3.2701135461102186e+41,
    "min_variance": 3.2701135461102186e+41,
    "max_variance": 3.2701135461102186e+41
  },
  "timing": {
    "mean_sec": 0.0008112360666852207,
    "std_sec": 5.434367756985425e-05,
    "median_sec": 0.000800905000005514,
    "min_sec": 0.0007215870000436553,
    "max_sec": 0.0009946180000497407
  },
  "trials": [
    {
      "variance": 3.2701135461102186e+41,
      "std_dev": 5.718490662849961e+20,
      "mean_dist": 9.812321109369944e+34,
      "min_dist": 9.812321109370001e+34,
      "max_dist": 9.812321109370001e+34,
      "median_dist": 9.812321109370001e+34,
      "spread": 1.3163088095256435e+42,
      "trial": 0,
      "n_candidates": 1000,
      "timing_sec": 0.0008617319999757456,
      "rotation": [
        0.3745401188473625
      ]
    },
    {
      "variance": 3.2701135461102186e+41,
      "std_dev": 5.718490662849961e+20,
      "mean_dist": 9.812321109369944e+34,
      "min_dist": 9.812321109370001e+34,
      "max_dist": 9.812321109370001e+34,
      "median_dist": 9.812321109370001e+34,
      "spread": 1.2519025944850356e+42,
      "trial": 1,
      "n_candidates": 1000,
      "timing_sec": 0.0008669070000451029,
      "rotation": [
        0.11505456638977896
      ]
    },
    {
      "variance": 3.2701135461102186e+41,
      "std_dev": 5.718490662849961e+20,
      "mean_dist": 9.812321109369944e+34,
      "min_dist": 9.812321109370001e+34,
      "max_dist": 9.812321109370001e+34,
      "median_dist": 9.812321109370001e+34,
      "spread": 1.2193402168505036e+42,
      "trial": 2,
      "n_candidates": 1000,
      "timing_sec": 0.0008423389999734354,
      "rotation": [
        0.8348421486656494
      ]
    },
    {
      "variance": 3.2701135461102186e+41,
      "std_dev": 5.718490662849961e+20,
      "mean_dist": 9.812321109369944e+34,
      "min_dist": 9.812321109370001e+34,
      "max_dist": 9.812321109370001e+34,
      "median_dist": 9.812321109370001e+34,
      "spread": 1.290582323598618e+42,
      "trial": 3,
      "n_candidates": 1000,
      "timing_sec": 0.0007418580000830843,
      "rotation": [
        0.9890115134756001
      ]
    },
    {
      "variance": 3.2701135461102186e+41,
      "std_dev": 5.718490662849961e+20,
      "mean_dist": 9.812321109369944e+34,
      "min_dist": 9.812321109370001e+34,
      "max_dist": 9.812321109370001e+34,
      "median_dist": 9.812321109370001e+34,
      "spread": 1.290114455433534e+42,
      "trial": 4,
      "n_candidates": 1000,
      "timing_sec": 0.0008435080001163442,
      "rotation": [
        0.7838323508057506
      ]
    },
    {
      "variance": 3.2701135461102186e+41,
      "std_dev": 5.718490662849961e+20,
      "mean_dist": 9.812321109369944e+34,
      "min_dist": 9.812321109370001e+34,
      "max_dist": 9.812321109370001e+34,
      "median_dist": 9.812321109370001e+34,
      "spread": 1.2665423997873718e+42,
      "trial": 5,
      "n_candidates": 1000,
      "timing_sec": 0.0008377229999041447,
      "rotation": [
        0.11348847189364952
      ]
    },
    {
      "variance": 3.2701135461102186e+41,
      "std_dev": 5.718490662849961e+20,
      "mean_dist": 9.812321109369944e+34,
      "min_dist": 9.812321109370001e+34,
      "max_dist": 9.812321109370001e+34,
      "median_dist": 9.812321109370001e+34,
      "spread": 1.2689283424855769e+42,
      "trial": 6,
      "n_candidates": 1000,
      "timing_sec": 0.0008218980001402088,
      "rotation": [
        0.01749027093115263
      ]
    },
    {
      "variance": 3.2701135461102186e+41,
      "std_dev": 5.718490662849961e+20,
      "mean_dist": 9.812321109369944e+34,
      "min_dist": 9.812321109370001e+34,
      "max_dist": 9.812321109370001e+34,
      "median_dist": 9.812321109370001e+34,
      "spread": 1.2538958753001285e+42,
      "trial": 7,
      "n_candidates": 1000,
      "timing_sec": 0.0008005449999473058,
      "rotation": [
        0.3009644558559146
      ]
    },
    {
      "variance": 3.2701135461102186e+41,
      "std_dev": 5.718490662849961e+20,
      "mean_dist": 9.812321109369944e+34,
      "min_dist": 9.812321109370001e+34,
      "max_dist": 9.812321109370001e+34,
      "median_dist": 9.812321109370001e+34,
      "spread": 1.3103281791606336e+42,
      "trial": 8,
      "n_candidates": 1000,
      "timing_sec": 0.0007215870000436553,
      "rotation": [
        0.49460164553802144
      ]
    },
    {
      "variance": 3.2701135461102186e+41,
      "std_dev": 5.718490662849961e+20,
      "mean_dist": 9.812321109369944e+34,
      "min_dist": 9.812321109370001e+34,
      "max_dist": 9.812321109370001e+34,
      "median_dist": 9.812321109370001e+34,
      "spread": 1.2755231441246905e+42,
      "trial": 9,
      "n_candidates": 1000,
      "timing_sec": 0.000733222000008027,
      "rotation": [
        0.6757314155035523
      ]
    },
    {
      "variance": 3.2701135461102186e+41,
      "std_dev": 5.718490662849961e+20,
      "mean_dist": 9.812321109369944e+34,
      "min_dist": 9.812321109370001e+34,
      "max_dist": 9.812321109370001e+34,
      "median_dist": 9.812321109370001e+34,
      "spread": 1.2261477274260553e+42,
      "trial": 10,
      "n_candidates": 1000,
      "timing_sec": 0.0007523560000208818,
      "rotation": [
        0.8231103407097919
      ]
    },
    {
      "variance": 3.2701135461102186e+41,
      "std_dev": 5.718490662849961e+20,
      "mean_dist": 9.812321109369944e+34,
      "min_dist": 9.812321109370001e+34,
      "max_dist": 9.812321109370001e+34,
      "median_dist": 9.812321109370001e+34,
      "spread": 1.2479684709392183e+42,
      "trial": 11,
      "n_candidates": 1000,
      "timing_sec": 0.0007784249999076565,
      "rotation": [
        0.8466624072101339
      ]
    },
    {
      "variance": 3.2701135461102186e+41,
      "std_dev": 5.718490662849961e+20,
      "mean_dist": 9.812321109369944e+34,
      "min_dist": 9.812321109370001e+34,
      "max_dist": 9.812321109370001e+34,
      "median_dist": 9.812321109370001e+34,
      "spread": 1.3339005762491058e+42,
      "trial": 12,
      "n_candidates": 1000,
      "timing_sec": 0.0008012650000637223,
      "rotation": [
        0.42018296714077386
      ]
    },
    {
      "variance": 3.2701135461102186e+41,
      "std_dev": 5.718490662849961e+20,
      "mean_dist": 9.812321109369944e+34,
      "min_dist": 9.812321109370001e+34,
      "max_dist": 9.812321109370001e+34,
      "median_dist": 9.812321109370001e+34,
      "spread": 1.2427534995173431e+42,
      "trial": 13,
      "n_candidates": 1000,
      "timing_sec": 0.0007909220000783534,
      "rotation": [
        0.093108286671858
      ]
    },
    {
      "variance": 3.2701135461102186e+41,
      "std_dev": 5.718490662849961e+20,
      "mean_dist": 9.812321109369944e+34,
      "min_dist": 9.812321109370001e+34,
      "max_dist": 9.812321109370001e+34,
      "median_dist": 9.812321109370001e+34,
      "spread": 1.275805303048217e+42,
      "trial": 14,
      "n_candidates": 1000,
      "timing_sec": 0.000780159999976604,
      "rotation": [
        0.9841918505425767
      ]
    },
    {
      "variance": 3.2701135461102186e+41,
      "std_dev": 5.718490662849961e+20,
      "mean_dist": 9.812321109369944e+34,
      "min_dist": 9.812321109370001e+34,