{
  "challenge": "RSA-129",
  "configuration": {
    "n_trials": 30,
    "n_candidates": 1000,
    "k": 0.3,
    "seed": 42,
    "engine": "CranleyPattersonEngine",
    "rotation_type": "static",
    "bias": "z-framework"
  },
  "rsa_challenge": {
    "N": "114381625757888867669235779976146612010218296721242362562561842935706935245733897830597123563958705058989075147599290026879543541",
    "p": "3490529510847650949147849619903898133417764638493387843990820577",
    "q": "32769132993266709549961988190834461413177642967992942539798288533",
    "bits": 426
  },
  "statistics": {
    "mean_variance": 0.05490001394997493,
    "std_variance": 0.003102222199140834,
    "ci_lower": 0.05382099704049945,
    "ci_upper": 0.056059320719136024,
    "median_variance": 0.054676730285247624,
    "min_variance": 0.048831769602075935,
    "max_variance": 0.06227495684771399
  },
  "timing": {
    "mean_sec": 0.0008920904333156917,
    "std_sec": 6.570377890975557e-05,
    "median_sec": 0.0008849710000049527,
    "min_sec": 0.0007636319999164698,
    "max_sec": 0.0010688460001802014
  },
  "trials": [
    {
      "variance": 0.05356197965691619,
      "std_dev": 0.23143461205471447,
      "mean_dist": 0.6763027497704118,
      "min_dist": 0.004702521508690693,
      "max_dist": 1.018329192308065,
      "median_dist": 0.7278090082302899,
      "spread": 1.2902788334409088e+64,
      "trial": 0,
      "n_candidates": 1000,
      "timing_sec": 0.0008017019999897457,
      "rotation": [
        0.3745401188473625
      ]
    },
    {
      "variance": 0.049922061379758124,
      "std_dev": 0.22343245372988707,
      "mean_dist": 0.6751406523422319,
      "min_dist": 0.0012744634554135805,
      "max_dist": 1.0115634696121796,
      "median_dist": 0.731763124292222,
      "spread": 1.3087158873205349e+64,
      "trial": 1,
      "n_candidates": 1000,
      "timing_sec": 0.0008613800000603078,
      "rotation": [
        0.11505456638977896
      ]
    },
    {
      "variance": 0.054913609553264034,
      "std_dev": 0.23433653055651402,
      "mean_dist": 0.6748100581103503,
      "min_dist": 0.00777503955007855,
      "max_dist": 1.0457102595395453,
      "median_dist": 0.726833075591563,
      "spread": 1.3031507098507464e+64,
      "trial": 2,
      "n_candidates": 1000,
      "timing_sec": 0.0008127909998165705,
      "rotation": [
        0.8348421486656494
      ]
    },
    {
      "variance": 0.05694614152441822,
      "std_dev": 0.238633906904317,
      "mean_dist": 0.675156346866713,
      "min_dist": 0.0013415796337931435,
      "max_dist": 1.027920782103115,
      "median_dist": 0.7326103990645383,
      "spread": 1.2468954670858721e+64,
      "trial": 3,
      "n_candidates": 1000,
      "timing_sec": 0.000855782999906296,
      "rotation": [
        0.9890115134756001
      ]
    },
    {
      "variance": 0.05008001683280826,
      "std_dev": 0.22378564930041484,
      "mean_dist": 0.6749858668659827,
      "min_dist": 0.00018538819376654305,
      "max_dist": 1.0289529009730414,
      "median_dist": 0.7175505135400064,
      "spread": 1.2478329788035381e+64,
      "trial": 4,
      "n_candidates": 1000,
      "timing_sec": 0.0008870589999787626,
      "rotation": [
        0.7838323508057506
      ]
    },
    {
      "variance": 0.057334499574478955,
      "std_dev": 0.23944623524808017,
      "mean_dist": 0.6752720717393287,
      "min_dist": 0.0006975398363420133,
      "max_dist": 1.0117007579677757,
      "median_dist": 0.7333211180014683,
      "spread": 1.2862715309319351e+64,
      "trial": 5,
      "n_candidates": 1000,
      "timing_sec": 0.000939655000138373,
      "rotation": [
        0.11348847189364952
      ]
    },
    {
      "variance": 0.0520732762593983,
      "std_dev": 0.22819569728502398,
      "mean_dist": 0.6750833632771533,
      "min_dist": 0.0010738943066727663,
      "max_dist": 1.0269109816078663,
      "median_dist": 0.7254144598034387,
      "spread": 1.3514128851859495e+64,
      "trial": 6,
      "n_candidates": 1000,
      "timing_sec": 0.0009642300001360127,
      "rotation": [
        0.01749027093115263
      ]
    },
    {
      "variance": 0.05138052028960287,
      "std_dev": 0.22667271624437482,
      "mean_dist": 0.6755575048767066,
      "min_dist": 0.0014417798333078865,
      "max_dist": 1.0157852816990733,
      "median_dist": 0.7216052707898818,
      "spread": 1.319922917656992e+64,
      "trial": 7,
      "n_candidates": 1000,
      "timing_sec": 0.0009415260001333081,
      "rotation": [
        0.3009644558559146
      ]
    },
    {
      "variance": 0.05523945881754799,
      "std_dev": 0.23503076142826068,
      "mean_dist": 0.6755465634761167,
      "min_dist": 0.0003950973377984871,
      "max_dist": 1.0355989488104662,
      "median_dist": 0.7263388177715056,
      "spread": 1.351129563647249e+64,
      "trial": 8,
      "n_candidates": 1000,
      "timing_sec": 0.0008597679998274543,
      "rotation": [
        0.49460164553802144
      ]
    },
    {
      "variance": 0.054150087140823075,
      "std_dev": 0.23270171280165317,
      "mean_dist": 0.6751590076178224,
      "min_dist": 0.0007009244345784936,
      "max_dist": 1.031761974757161,
      "median_dist": 0.7288521534817287,
      "spread": 1.3575353382455248e+64,
      "trial": 9,
      "n_candidates": 1000,
      "timing_sec": 0.0008271419999346108,
      "rotation": [
        0.6757314155035523
      ]
    },
    {
      "variance": 0.048831769602075935,
      "std_dev": 0.2209791157600101,
      "mean_dist": 0.6744889618614203,
      "min_dist": 0.013385657872966519,
      "max_dist": 1.0129130235131236,
      "median_dist": 0.7258573276719407,
      "spread": 1.2312114025367827e+64,
      "trial": 10,
      "n_candidates": 1000,
      "timing_sec": 0.0008310240000355407,
      "rotation": [
        0.8231103407097919
      ]
    },
    {
      "variance": 0.05408164733929659,
      "std_dev": 0.2325546115201687,
      "mean_dist": 0.6753496090363076,
      "min_dist": 0.0005187607430238335,
      "max_dist": 1.0255678836950888,
      "median_dist": 0.7281870079830908,
      "spread": 1.3024428590880387e+64,
      "trial": 11,
      "n_candidates": 1000,
      "timing_sec": 0.000874736000014309,
      "rotation": [
        0.8466624072101339
      ]
    },
    {
      "variance": 0.05893448626224091,
      "std_dev": 0.24276426067739237,
      "mean_dist": 0.6767084114829166,
      "min_dist": 0.002490267744042755,
      "max_dist": 1.0308162726200725,
      "median_dist": 0.7437988954646186,
      "spread": 1.3298831349992566e+64,
      "trial": 12,
      "n_candidates": 1000,
      "timing_sec": 0.0008536059999642021,
      "rotation": [
        0.42018296714077386
      ]
    },
    {
      "variance": 0.05792318446287776,
      "std_dev": 0.24067235915841637,
      "mean_dist": 0.6745889108298719,
      "min_dist": 0.0011638588445280129,
      "max_dist": 1.0361986195158928,
      "median_dist": 0.7292052752151292,
      "spread": 1.335871939667646e+64,
      "trial": 13,
      "n_candidates": 1000,
      "timing_sec": 0.0010688460001802014,
      "rotation": [
        0.093108286671858
      ]
    },
    {
      "variance": 0.05948465387608915,
      "std_dev": 0.24389475983728956,
      "mean_dist": 0.6744101791678238,
      "min_dist": 0.011879107808062747,
      "max_dist": 1.0538929165192041,
      "median_dist": 0.7266219901063447,
      "spread": 1.2877956080264408e+64,
      "trial": 14,
      "n_candidates": 1000,
      "timing_sec": 0.0008972269999958371,
      "rotation": [
        0.9841918505425767
      ]
    },
    {
      "variance": 0.052687413344751285,
      "std_dev": 0.22953738986219932,
      "mean_dist": 0.6749604023645523,
      "min_dist": 0.008397231057594316,
      "max_dist": 1.0177128335406185,
      "median_dist": 0.7295447819417857,
      "spread": 1.2820330353421392e+64,
      "trial": 15,
      "n_candidates": 1000,
      "timing_sec": 0.0008765469999616471,