{
  "challenge": "RSA-100",
  "configuration": {
    "n_trials": 30,
    "n_candidates": 1000,
    "k": 0.3,
    "seed": 42,
    "engine": "CranleyPattersonEngine",
    "rotation_type": "static",
    "bias": "z-framework"
  },
  "rsa_challenge": {
    "N": "1522605027922533360535618378132637429718068114961380688657908494580122963258952897654000350692006139",
    "p": "37975227936943673922808872755445627854565536638199",
    "q": "40094690950920881030683735292761468389214899724061",
    "bits": 330
  },
  "statistics": {
    "mean_variance": 0.0189959155757189,
    "std_variance": 0.0011599287139051877,
    "ci_lower": 0.018578566728766364,
    "ci_upper": 0.01941448519060854,
    "median_variance": 0.018971805965201982,
    "min_variance": 0.016178654029848097,
    "max_variance": 0.021208026076890017
  },
  "timing": {
    "mean_sec": 0.0007875181333398966,
    "std_sec": 5.016669209477099e-05,
    "median_sec": 0.0007719215000179247,
    "min_sec": 0.0007206999998743413,
    "max_sec": 0.0009364590000586759
  },
  "trials": [
    {
      "variance": 0.018719661916591742,
      "std_dev": 0.13681981551146655,
      "mean_dist": 0.17109308276105786,
      "min_dist": 0.00014281196691293116,
      "max_dist": 0.9235601736888988,
      "median_dist": 0.1527612950917974,
      "spread": 5.046432419551381e+49,
      "trial": 0,
      "n_candidates": 1000,
      "timing_sec": 0.0009364590000586759,
      "rotation": [
        0.3745401188473625
      ]
    },
    {
      "variance": 0.01893339120433496,
      "std_dev": 0.1375986598929472,
      "mean_dist": 0.16129662017159824,
      "min_dist": 0.00020213335538399498,
      "max_dist": 0.8168355513663779,
      "median_dist": 0.14197667585581333,
      "spread": 4.6535699309789266e+49,
      "trial": 1,
      "n_candidates": 1000,
      "timing_sec": 0.00075181900001553,
      "rotation": [
        0.11505456638977896
      ]
    },
    {
      "variance": 0.019189387598043384,
      "std_dev": 0.138525765105425,
      "mean_dist": 0.17346292243069883,
      "min_dist": 0.00031598118887817656,
      "max_dist": 0.8218516969661226,
      "median_dist": 0.15716999704574375,
      "spread": 4.710695816327817e+49,
      "trial": 2,
      "n_candidates": 1000,
      "timing_sec": 0.0007605539999531175,
      "rotation": [
        0.8348421486656494
      ]
    },
    {
      "variance": 0.019803314934462413,
      "std_dev": 0.14072425140842787,
      "mean_dist": 0.1763571399651988,
      "min_dist": 0.0002620992650577004,
      "max_dist": 0.86047045561403,
      "median_dist": 0.16020717892507222,
      "spread": 4.879303991217924e+49,
      "trial": 3,
      "n_candidates": 1000,
      "timing_sec": 0.0007464969999091409,
      "rotation": [
        0.9890115134756001
      ]
    },
    {
      "variance": 0.01832507183258988,
      "std_dev": 0.1353701290262733,
      "mean_dist": 0.16731906609592595,
      "min_dist": 0.00020638288804354676,
      "max_dist": 0.822716759325195,
      "median_dist": 0.1496755873566717,
      "spread": 4.681161228609915e+49,
      "trial": 4,
      "n_candidates": 1000,
      "timing_sec": 0.0007856619999984105,
      "rotation": [
        0.7838323508057506
      ]
    },
    {
      "variance": 0.019283240154185952,
      "std_dev": 0.1388641067885649,
      "mean_dist": 0.1628972231018837,
      "min_dist": 5.058348603465663e-05,
      "max_dist": 0.7717606802410677,
      "median_dist": 0.13851342991300075,
      "spread": 4.475959060907946e+49,
      "trial": 5,
      "n_candidates": 1000,
      "timing_sec": 0.000823004999801924,
      "rotation": [
        0.11348847189364952
      ]
    },
    {
      "variance": 0.020216884254572732,
      "std_dev": 0.1421860902288713,
      "mean_dist": 0.17867003677363846,
      "min_dist": 7.022456687502737e-05,
      "max_dist": 0.863269941452656,
      "median_dist": 0.16515508943852758,
      "spread": 4.907795200306209e+49,
      "trial": 6,
      "n_candidates": 1000,
      "timing_sec": 0.0007538580000527872,
      "rotation": [
        0.01749027093115263
      ]
    },
    {
      "variance": 0.018395995912234318,
      "std_dev": 0.13563183959614467,
      "mean_dist": 0.17957628401008943,
      "min_dist": 0.0002787379598566416,
      "max_dist": 0.7699992039457019,
      "median_dist": 0.16494745671603403,
      "spread": 4.576466434525932e+49,
      "trial": 7,
      "n_candidates": 1000,
      "timing_sec": 0.0007346239999606041,
      "rotation": [
        0.3009644558559146
      ]
    },
    {
      "variance": 0.018606474814822437,
      "std_dev": 0.1364055527272348,
      "mean_dist": 0.16564043083643132,
      "min_dist": 3.6419757459587455e-05,
      "max_dist": 0.802060309837996,
      "median_dist": 0.14651687948575082,
      "spread": 4.644614821927391e+49,
      "trial": 8,
      "n_candidates": 1000,
      "timing_sec": 0.0008359190001101524,
      "rotation": [
        0.49460164553802144
      ]
    },
    {
      "variance": 0.017718749423026734,
      "std_dev": 0.13311179295249062,
      "mean_dist": 0.16355368572797258,
      "min_dist": 9.186517543571682e-05,
      "max_dist": 0.8476058266054133,
      "median_dist": 0.14494499359542262,
      "spread": 4.812622933258304e+49,
      "trial": 9,
      "n_candidates": 1000,
      "timing_sec": 0.0007672240001284081,
      "rotation": [
        0.6757314155035523
      ]
    },
    {
      "variance": 0.017325561388807528,
      "std_dev": 0.1316265983333442,
      "mean_dist": 0.168739914380258,
      "min_dist": 5.193279269437591e-05,
      "max_dist": 0.7700856800973948,
      "median_dist": 0.14991688744942153,
      "spread": 4.4960749324741516e+49,
      "trial": 10,
      "n_candidates": 1000,
      "timing_sec": 0.0007584850000057486,
      "rotation": [
        0.8231103407097919
      ]
    },
    {
      "variance": 0.020625346167908985,
      "std_dev": 0.143615271360357,
      "mean_dist": 0.17672832073610054,
      "min_dist": 5.305664801604759e-05,
      "max_dist": 0.843617642734364,
      "median_dist": 0.1549159840131511,
      "spread": 4.830453076890413e+49,
      "trial": 11,
      "n_candidates": 1000,
      "timing_sec": 0.000758479000069201,
      "rotation": [
        0.8466624072101339
      ]
    },
    {
      "variance": 0.020155053469285734,
      "std_dev": 0.14196849463625982,
      "mean_dist": 0.17897959711242858,
      "min_dist": 0.00032343704937860005,
      "max_dist": 0.8983409543036491,
      "median_dist": 0.16067917348537944,
      "spread": 5.085976890969064e+49,
      "trial": 12,
      "n_candidates": 1000,
      "timing_sec": 0.0007652950000647252,
      "rotation": [
        0.42018296714077386
      ]
    },
    {
      "variance": 0.020819441887257685,
      "std_dev": 0.1442894378922369,
      "mean_dist": 0.17289000118142456,
      "min_dist": 5.4454846689026905e-05,
      "max_dist": 0.8576130062632403,
      "median_dist": 0.15424841029428132,
      "spread": 4.876702077199722e+49,
      "trial": 13,
      "n_candidates": 1000,
      "timing_sec": 0.0007971680001901404,
      "rotation": [
        0.093108286671858
      ]
    },
    {
      "variance": 0.01901583370238376,
      "std_dev": 0.13789791043516128,
      "mean_dist": 0.1682479293821074,
      "min_dist": 7.988921970112031e-05,
      "max_dist": 0.8648350240142939,
      "median_dist": 0.154180038452778,
      "spread": 4.862465958474737e+49,
      "trial": 14,
      "n_candidates": 1000,
      "timing_sec": 0.0007788320001509419,
      "rotation": [
        0.9841918505425767
      ]
    },
    {
      "variance": 0.018142784750798176,
      "std_dev": 0.13469515488984068,
      "mean_dist": 0.1625037284728222,
      "min_dist": 0.00020344904356754562,
      "max_dist": 0.8668959239612992,
      "median_dist": 0.13668667081530933,
      "spread": 4.862906373079601e+49,
      "trial": 15,
      "n_candidates": 1000,
      "timing_sec": 0.0007766189999074413,