{
  "profile": "balanced_2048",
  "N_bits": 2048,
  "p_bits": 1024,
  "best_rel_distance": 0.00010766348069222248,
  "abs_distance": 14491098079192256526865457346080639244959506375969861689863425618343335314586556020298815865173677580588357651800716880401663821331686287213086497123797243090766511051612878351206863908099118171279442756534111059783302477402639869419157844017052400206937389446264806943162957439190685947250498109018221949,
  "within_1000_window": false,
  "best_candidate": 134610716169214949550404299276759123332180997459505066591727397137718226757401908803223164978766725372799853796115815514013486831585056339064269943629890739741286238644783143224650088831184016019115095793909332978717619976055919325954568360796036723207013657704409703995606475681520548719765294575599283601408,
  "p_true": 134596225071135757293877433819413042692936037953129096730037533712099883422087322247202866162901551695219265438464014797133085167763724652777056857132766942498195472133731530346298881967275916900943816351152798867657836673578516686085149202952019670806806720314963439188663312724081358033818044077490265379459,
  "mechanism_mode": "FRACTIONAL COMB ONLY",
  "config_used": {
    "use_bias_model": false,
    "use_fractional_comb": true,
    "comb_step": 4.8845392956937854e-05,
    "comb_range": 1000,
    "profile": "balanced_2048"
  },
  "improvement_analysis": {
    "from_baseline": 364.2861967963021,
    "fractional_comb": "Active: 100% reduction capability"
  }
}