{
  "metadata": {
    "timestamp": "2025-08-27T15:22:50.462587",
    "random_seed": 42,
    "constants": {
      "PHI": 1.618033988749895,
      "OPTIMAL_K": 0.3,
      "E_SQUARED": 7.38905609893065
    },
    "version": "1.0.0"
  },
  "results": {
    "mean_improvement_percent": 14.02368646271406,
    "max_improvement_percent": 33.33333333333333,
    "min_improvement_percent": 1.9131526084742814,
    "std_improvement_percent": 10.165681480460544,
    "mean_standard_fidelity": 0.8836599505402377,
    "mean_enhanced_fidelity": 0.9999999999999994,
    "meets_20_percent_claim": true,
    "fraction_above_95_percent": 1.0,
    "total_tests": 6,
    "detailed_results": [
      {
        "theta": 0.7853981633974483,
        "detuning": 0.35,
        "n_position": 7,
        "k_parameter": 0.3,
        "fidelity_detuned": 0.981227618226823,
        "fidelity_corrected": 0.9999999999999996,
        "enhancement_factor": 0.019131526084742813,
        "enhancement_percent": 1.9131526084742814,
        "passes_threshold": true,
        "geodesic_value": 0.36518846583056636,
        "correction_factor": 0.7251577284328456,
        "is_optimal_k": true,
        "test_description": "Small angle, moderate detuning"
      },
      {
        "theta": 1.0471975511965976,
        "detuning": 0.4,
        "n_position": 42,
        "k_parameter": 0.3,
        "fidelity_detuned": 0.9567727288213002,
        "fidelity_corrected": 0.9999999999999996,
        "enhancement_factor": 0.045180291908981776,
        "enhancement_percent": 4.518029190898178,
        "passes_threshold": true,
        "geodesic_value": 0.6251186088128345,
        "correction_factor": 0.7286527342330449,
        "is_optimal_k": true,
        "test_description": "Optimal position test"
      },
      {
        "theta": 1.5707963267948966,
        "detuning": 0.45,
        "n_position": 100,
        "k_parameter": 0.3,
        "fidelity_detuned": 0.8802029828000151,
        "fidelity_corrected": 0.9999999999999991,
        "enhancement_factor": 0.13610158059098773,
        "enhancement_percent": 13.610158059098772,
        "passes_threshold": true,
        "geodesic_value": 0.8109379787364609,
        "correction_factor": 0.7168953487978817,
        "is_optimal_k": true,
        "test_description": "Right angle, high detuning"
      },
      {
        "theta": 2.0943951023931953,
        "detuning": 0.5,
        "n_position": 500,
        "k_parameter": 0.3,
        "fidelity_detuned": 0.7499999999999997,
        "fidelity_corrected": 0.9999999999999996,
        "enhancement_factor": 0.3333333333333333,
        "enhancement_percent": 33.33333333333333,
        "passes_threshold": true,
        "geodesic_value": 1.3142519847479404,
        "correction_factor": 0.7030630990890588,
        "is_optimal_k": true,
        "test_description": "Large angle, maximum detuning"
      },
      {
        "theta": 2.356194490192345,
        "detuning": 0.3,
        "n_position": 1000,
        "k_parameter": 0.3,
        "fidelity_detuned": 0.8802029828000151,
        "fidelity_corrected": 0.9999999999999993,
        "enhancement_factor": 0.13610158059098798,
        "enhancement_percent": 13.610158059098797,
        "passes_threshold": true,
        "geodesic_value": 0.0,
        "correction_factor": 0.7,
        "is_optimal_k": true,
        "test_description": "High position test"
      },
      {
        "theta": 3.141592653589793,
        "detuning": 0.25,
        "n_position": 42,
        "k_parameter": 0.3,
        "fidelity_detuned": 0.8535533905932733,
        "fidelity_corrected": 0.9999999999999996,
        "enhancement_factor": 0.17157287525381004,
        "enhancement_percent": 17.157287525381005,
        "passes_threshold": true,
        "geodesic_value": 0.6251186088128345,
        "correction_factor": 0.878652734233045,
        "is_optimal_k": true,
        "test_description": "\u03c0 rotation at optimal n"
      }
    ],
    "parameter_documentation": {
      "random_seed": 42,
      "angle_range_rad": [
        0.7853981633974483,
        3.141592653589793
      ],
      "angle_range_degrees": [
        45,
        180
      ],
      "detuning_range": [
        0.25,
        0.5
      ],
      "position_range": [
        7,
        1000
      ],
      "optimal_k": 0.3,
      "test_count": 6,
      "reproducibility_note": "Fixed seed and parameters ensure identical results"
    }
  }
}