{
  "n_samples": 10000,
  "n_replicates": 100,
  "mc": {
    "mean": 0.008734201862394863,
    "std": 0.002743576042870603,
    "min": 0.004112133596303608,
    "max": 0.019265103182258603,
    "theoretical_bound": 0.01
  },
  "sobol": {
    "mean": 0.00028965829305350137,
    "std": 1.8765119057518344e-05,
    "min": 0.0002242616027593458,
    "max": 0.0003209490597247955,
    "theoretical_bound": 0.0009210340371976184
  },
  "ratio": 0.03316368199601914
}