{
  "semi_primes": [
    10916211613,
    12398741041,
    11862243121,
    10033328927,
    13417767767,
    8681757239,
    9653189831,
    8317130039,
    7846668281,
    16669771907
  ],
  "times_naive": [
    0.003365755081176758,
    0.003704071044921875,
    0.0031909942626953125,
    0.0031261444091796875,
    0.003953218460083008,
    0.0032372474670410156,
    0.0030252933502197266,
    0.0027849674224853516,
    0.0022428035736083984,
    0.004408121109008789
  ],
  "times_z5d": [
    0.0033838748931884766,
    0.0037088394165039062,
    0.003185272216796875,
    0.0031168460845947266,
    0.003935098648071289,
    0.003267049789428711,
    0.0030219554901123047,
    0.002833127975463867,
    0.002337932586669922,
    0.00446009635925293
  ],
  "avg_naive": 0.003303861618041992,
  "avg_z5d": 0.003325009346008301,
  "improvement_percent": -0.6400912148022049,
  "improvement_ratio": 0.9936397989402055,
  "bootstrap": {
    "mean_improvement_ratio": 0.992538449695618,
    "ci_low": 0.9800956878875814,
    "ci_high": 0.9981756519647272,
    "n_resamples": 1000
  },
  "success_count": 10
}